[
  {
    "Name": "Adidas Quick Force Indoor Badminton Shoes",
    "Description": "Designed for professional as well as amateur badminton players. These indoor shoes are crafted with synthetic upper that provides natural fit, while the EVA midsole provides lightweight cushioning. The shoes can be used for Badminton and Squash",
    "Price": 3500,
    "PictureUrl": "images/products/adidas_shoe-1.png",
    "ProductTypeId": 1,
    "ProductBrandId": 1
  },
  {
    "Name": "Adidas Quick Force Indoor Badminton Shoes",
    "Description": "Designed for professional as well as amateur badminton players. These indoor shoes are crafted with synthetic upper that provides natural fit, while the EVA midsole provides lightweight cushioning. The shoes can be used for Badminton and Squash",
    "Price": 3375,
    "PictureUrl": "images/products/adidas_shoe-2.png",
    "ProductTypeId": 1,
    "ProductBrandId": 1
  },
  {
    "Name": "Adidas Quick Force Indoor Badminton Shoes",
    "Description": "Designed for professional as well as amateur badminton players. These indoor shoes are crafted with synthetic upper that provides natural fit, while the EVA midsole provides lightweight cushioning. The shoes can be used for Badminton and Squash",
    "Price": 3375,
    "PictureUrl": "images/products/adidas_shoe-3.png",
    "ProductTypeId": 1,
    "ProductBrandId": 1
  },
  {
    "Name": "Asics Gel Rocket 8 Indoor Court Shoes",
    "Description": "The Asics Gel Rocket 8 Indoor Court Shoes (Orange/Silver) will keep you motivated and fired up to perform at your peak in volleyball, squash and other indoor sports. Beginner and intermediate players get cutting-edge technologies at an affordable price point.This entry level all-rounder has a durable upper and offers plenty of stability.",
    "Price": 4249,
    "PictureUrl": "images/products/asics_shoe-1.png",
    "ProductTypeId": 1,
    "ProductBrandId": 2
  },
  {
    "Name": "Asics Gel Rocket 8 Indoor Court Shoes",
    "Description": "The Asics Gel Rocket 8 Indoor Court Shoes (Orange/Silver) will keep you motivated and fired up to perform at your peak in volleyball, squash and other indoor sports. Beginner and intermediate players get cutting-edge technologies at an affordable price point.This entry level all-rounder has a durable upper and offers plenty of stability.",
    "Price": 3499,
    "PictureUrl": "images/products/asics_shoe-2.png",
    "ProductTypeId": 1,
    "ProductBrandId": 2
  },
  {
    "Name": "Asics Gel Rocket 8 Indoor Court Shoes",
    "Description": "The Asics Gel Rocket 8 Indoor Court Shoes (Orange/Silver) will keep you motivated and fired up to perform at your peak in volleyball, squash and other indoor sports. Beginner and intermediate players get cutting-edge technologies at an affordable price point.This entry level all-rounder has a durable upper and offers plenty of stability.",
    "Price": 3499,
    "PictureUrl": "images/products/asics_shoe-3.png",
    "ProductTypeId": 1,
    "ProductBrandId": 2
  },
  {
    "Name": "Victor SHW503 F Badminton Shoes",
    "Description": "PU Leather, Mesh,EVA, ENERGY MAX, Nylon sheet, Rubber",
    "Price": 2392,
    "PictureUrl": "images/products/victor_shoe-1.png",
    "ProductTypeId": 1,
    "ProductBrandId": 3
  },
  {
    "Name": "Victor SHW503 F Badminton Shoes",
    "Description": "PU Leather, Mesh,EVA, ENERGY MAX, Nylon sheet, Rubber",
    "Price": 3000,
    "PictureUrl": "images/products/victor_shoe-2.png",
    "ProductTypeId": 1,
    "ProductBrandId": 3
  },
  {
    "Name": "YONEX Super Ace Light Badminton Shoes",
    "Description": "Rule the game with Super Ace Light highlights Maximum shock absorption Quick compression recovery Its high resilience ensure YONEX insoles retain their shape longer Meticulously contoured for comfort Provides stability in the forefoot and toe areas technology.",
    "Price": 2590,
    "PictureUrl": "images/products/yonex_shoe-1.png",
    "ProductTypeId": 1,
    "ProductBrandId": 4
  },
  {
    "Name": "YONEX Super Ace Light Badminton Shoes",
    "Description": "Rule the game with Super Ace Light highlights Maximum shock absorption Quick compression recovery Its high resilience ensure YONEX insoles retain their shape longer Meticulously contoured for comfort Provides stability in the forefoot and toe areas technology.",
    "Price": 3500,
    "PictureUrl": "images/products/yonex_shoe-2.png",
    "ProductTypeId": 1,
    "ProductBrandId": 4
  },
  {
    "Name": "YONEX Super Ace Light Badminton Shoes",
    "Description": "Rule the game with Super Ace Light highlights Maximum shock absorption Quick compression recovery Its high resilience ensure YONEX insoles retain their shape longer Meticulously contoured for comfort Provides stability in the forefoot and toe areas technology.",
    "Price": 3700,
    "PictureUrl": "images/products/yonex_shoe-3.png",
    "ProductTypeId": 1,
    "ProductBrandId": 4
  },
  {
    "Name": "Puma 19 FH Rubber Spike Cricket Shoes",
    "Description": "With features and functions designed to withstand long hours out on the pitch, these one8 19 FH Rubber shoes have been engineered to offer comfort to cricketers",
    "Price": 4999,
    "PictureUrl": "images/products/puma_shoe-1.png",
    "ProductTypeId": 1,
    "ProductBrandId": 5
  },
  {
    "Name": "Puma 19 FH Rubber Spike Cricket Shoes",
    "Description": "With features and functions designed to withstand long hours out on the pitch, these one8 19 FH Rubber shoes have been engineered to offer comfort to cricketers.",
    "Price": 5200,
    "PictureUrl": "images/products/puma_shoe-2.png",
    "ProductTypeId": 1,
    "ProductBrandId": 5
  },
  {
    "Name": "Puma 19 FH Rubber Spike Cricket Shoes",
    "Description": "With features and functions designed to withstand long hours out on the pitch, these one8 19 FH Rubber shoes have been engineered to offer comfort to cricketers.",
    "Price": 5700,
    "PictureUrl": "images/products/puma_shoe-3.png",
    "ProductTypeId": 1,
    "ProductBrandId": 5
  },
  {
    "Name": "Babolat Shadow Spirit Mens Badminton Shoes (Cloisonne/Strike)",
    "Description": "Babolat Shadow Spirit Mens Badminton Shoes (Cloisonne/Strike)",
    "Price": 4125,
    "PictureUrl": "images/products/babolat_shoe-1.png",
    "ProductTypeId": 1,
    "ProductBrandId": 7
  },
  {
    "Name": "Babolat Shadow Tour Mens Badminton Shoes (White/Blue)",
    "Description": "Babolat Shadow Tour Mens Badminton Shoes (White/Blue)",
    "Price": 5249,
    "PictureUrl": "images/products/babolat_shoe-2.png",
    "ProductTypeId": 1,
    "ProductBrandId": 7
  },
  {
    "Name": "Babolat Shadow Team Womens Badminton Shoes (Black/Peony)",
    "Description": "Babolat Shadow Team Womens Badminton Shoes (Black/Peony)",
    "Price": 2999,
    "PictureUrl": "images/products/babolat_shoe-3.png",
    "ProductTypeId": 1,
    "ProductBrandId": 7
  },
  {
    "Name": "Yonex VCORE Pro 100 A Tennis Racquet (270gm, Strung)",
    "Description": "For offensive players looking to win with game-changing spin and power.",
    "Price": 6099,
    "PictureUrl": "images/products/yonex-racket-1.png",
    "ProductTypeId": 2,
    "ProductBrandId": 4
  },
  {
    "Name": "Yonex VCORE Pro 100 A Tennis Racquet (290gm, Strung)",
    "Description": "For offensive players looking to win with game-changing spin and power.",
    "Price": 6399,
    "PictureUrl": "images/products/yonex-racket-2.png",
    "ProductTypeId": 2,
    "ProductBrandId": 4
  },
  {
    "Name": "Yonex VCORE Pro 100 2019 Tennis Racquet (280gm, Unstrung)",
    "Description": "For offensive players looking to win with game-changing spin and power.",
    "Price": 13299,
    "PictureUrl": "images/products/yonex-racket-3.png",
    "ProductTypeId": 2,
    "ProductBrandId": 4
  },
  {
    "Name": "Babolat Boost D Tennis Racquet (260gm, Strung)",
    "Description": "Babolat Boost D Tennis Racquet (260gm, Strung)",
    "Price": 6999,
    "PictureUrl": "images/products/babolat-racket-1.png",
    "ProductTypeId": 2,
    "ProductBrandId": 7
  },
  {
    "Name": "Buy Babolat Pure Aero 2019 Superlite Tennis Racquet (Unstrung, 255gm) and get Free Stringing with Babolat RPM Blast String!!",
    "Description": "Babolat Pure Aero 2019 Superlite Tennis Racquet (Unstrung, 255gm)",
    "Price": 13000,
    "PictureUrl": "images/products/babolat-racket-2.png",
    "ProductTypeId": 2,
    "ProductBrandId": 7
  },
  {
    "Name": "Babolat Pure Drive VS Tennis Racquet (Pair, 300gm, Strung)",
    "Description": "Babolat Pure Drive VS Tennis Racquet (Pair, 300gm, Strung)",
    "Price": 34000,
    "PictureUrl": "images/products/babolat-racket-3.png",
    "ProductTypeId": 2,
    "ProductBrandId": 7
  },
  {
    "Name": "Adidas FIFA World Cup 2018 OMB Football (White/Red/Black)",
    "Description": "Featuring an innovative surface panel design, this is the match ball used during football's FIFA World Cup™. Inspired by Russia's urban landscapes, a pixelated graphic pays tribute to the iconic Telstar ball. Its thermally bonded seamless surface designs.",
    "Price": 2499,
    "PictureUrl": "images/products/adidas_football-1.png",
    "ProductTypeId": 3,
    "ProductBrandId": 1
  },
  {
    "Name": "Adidas FIFA World Cup 2018 OMB Football",
    "Description": "Featuring an innovative surface panel design, this is the match ball used during football's FIFA World Cup™. Inspired by Russia's urban landscapes, a pixelated graphic pays tribute to the iconic Telstar ball. Its thermally bonded seamless surface designs.",
    "Price": 3200,
    "PictureUrl": "images/products/adidas_football-2.png",
    "ProductTypeId": 3,
    "ProductBrandId": 1
  },
  {
    "Name": "Adidas FIFA World Cup Top Glider Ball",
    "Description": "Featuring an innovative surface panel design, this is the match ball used during football's FIFA World Cup™. Inspired by Russia's urban landscapes, a pixelated graphic pays tribute to the iconic Telstar ball. Its thermally bonded seamless surface designs.",
    "Price": 2499,
    "PictureUrl": "images/products/adidas_football-3.png",
    "ProductTypeId": 3,
    "ProductBrandId": 1
  },
  {
    "Name": "Nike Pitch Premier League Football (Yellow/Purple)",
    "Description": "Nike Pitch Premier League Football (Yellow/Purple) Ball is made with colorful graphics that stand out on the field for easier ball tracking. A machine-stitched TPU casing delivers great touch and durability during play. ",
    "Price": 1525,
    "PictureUrl": "images/products/Nike-Football-1.png",
    "ProductTypeId": 3,
    "ProductBrandId": 6
  },
  {
    "Name": "Nike Manchester City Supporters Football (Berry)",
    "Description": "Nike Manchester City Supporters Football (Berry) Ball is made with colorful graphics that stand out on the field for easier ball tracking. A machine-stitched TPU casing delivers great touch and durability during play. ",
    "Price": 1525,
    "PictureUrl": "images/products/Nike-Football-2.png",
    "ProductTypeId": 3,
    "ProductBrandId": 6
  },
  {
    "Name": "Nike Mercurial Veer Football (White/Green/Black)",
    "Description": "Nike Mercurial Veer Football (White/Green/Black) Ball is made with colorful graphics that stand out on the field for easier ball tracking. A machine-stitched TPU casing delivers great touch and durability during play. ",
    "Price": 1450,
    "PictureUrl": "images/products/Nike-Football-3.png",
    "ProductTypeId": 3,
    "ProductBrandId": 6
  },
  {
    "Name": "Babolat Team Line Racket 12 Kit Bag (Fluorescent Red)",
    "Description": "The Babolat Team Line racquet bag is highly durable and fashionable, holding up to 12 racquets.",
    "Price": 4550,
    "PictureUrl": "images/products/babolat-kitback-1.png",
    "ProductTypeId": 4,
    "ProductBrandId": 7
  },
  {
    "Name": "Babolat Pure Strike RH X12 Kit Bag (White/Red)",
    "Description": "Babolat Pure Strike 12-Pack Bag will effortlessly hold the majority of the rigging you should be fruitful on the court",
    "Price": 9799,
    "PictureUrl": "images/products/babolat-kitback-2.png",
    "ProductTypeId": 4,
    "ProductBrandId": 7
  },
  {
    "Name": "Babolat Team Line 12 Racquet Kit Bag (Silver)",
    "Description": "Babolat Team Line 12 Racquet Kit Bag (Silver) for players who have tennis in their blood, Babolat brings you the Babolat Tennis Kit Bag India - Babolat Team Line Red 12 Pack.",
    "Price": 4550,
    "PictureUrl": "images/products/babolat-kitback-3.png",
    "ProductTypeId": 4,
    "ProductBrandId": 7
  },
  {
    "Name": "Yonex SUNR 4826TK BT6-SR Badminton Kit Bag (Black/Red/White)",
    "Description": "Yonex SUNR 4826TK BT6-SR Badminton Kit Bag (Black/Red/White)",
    "Price": 1999,
    "PictureUrl": "images/products/yonex-kitback-1.png",
    "ProductTypeId": 4,
    "ProductBrandId": 4
  },
  {
    "Name": "Yonex SUNR LRB05 MS BT6 S Badminton Kit Bag (Blue/Red)",
    "Description": "Yonex SUNR LRB05 MS BT6 S Badminton Kit Bag (Blue/Red)",
    "Price": 1499,
    "PictureUrl": "images/products/yonex-kitback-2.png",
    "ProductTypeId": 4,
    "ProductBrandId": 4
  },
  {
    "Name": "Yonex SUNR LRB05 MS BT6 S Badminton Kit Bag (Grey/Orange)",
    "Description": "Yonex SUNR LRB05 MS BT6 S Badminton Kit Bag (Grey/Orange)",
    "Price": 1499,
    "PictureUrl": "images/products/yonex-kitback-3.png",
    "ProductTypeId": 4,
    "ProductBrandId": 4
  }

]